"","totMarkValue_1997","perBigMark1997","opgr500k_1997","opgr2000acres_1997","cattlegr500_1997","ophogsgr1000_1997","broilgr500000_2002","layergr100000_2002","turkeyContracts_2002","Adens_Int","cluster"
"5001",143671000,53.20071552,101,47,0,0,0,0,0,1.11192182,"1"
"5003",62928000,65.10774218,38,21,0,0,0,0,0,2.211825052,"1"
"5005",21369000,52.7399504,8,0,2,0,0,0,5,18.41761296,"2"
"5007",345816000,73.14699146,229,8,17,7,72,2,38,156.6645348,"3"
"5009",62377000,54.50727031,41,6,5,1,13,0,21,73.38984941,"3"
"5011",14646000,40.19527516,6,0,0,0,5,0,0,8.499985901,"2"
"5013",1771000,0,0,0,0,0,0,0,0,2.234358047,"2"
"5015",151903000,69.41666722,105,7,12,1,17,1,40,104.9994275,"3"
"5017",102838000,61.54534316,61,39,3,0,0,0,0,4.013447417,"1"
"5019",20182000,54.54365276,11,2,2,3,0,0,0,10.5338083,"2"
"5021",89960000,38.58270342,45,19,2,0,0,0,0,3.301319053,"1"
"5023",49890000,35.77871317,16,1,3,1,12,0,0,52.04397477,"2"
"5025",53968000,75.15379484,27,0,1,0,24,0,0,30.77742658,"1"
"5027",41683000,77.55199962,32,1,3,0,13,0,0,21.37759684,"1"
"5029",85697000,49.71702627,51,9,5,16,15,0,1,82.42363904,"1"
"5031",127190000,41.38375658,62,24,0,0,0,0,0,4.191076529,"1"
"5033",60915000,55.88114586,42,6,4,0,1,0,6,40.34105332,"2"
"5035",85665000,61.97046635,52,50,0,0,0,0,0,0.657243106,"1"
"5037",104121000,59.63158249,65,42,3,0,0,0,0,3.088004667,"1"
"5039",1987000,0,1,0,0,0,0,0,0,1.823165153,"2"
"5041",104336000,61.48021776,65,36,0,0,1,0,0,1.465723175,"1"
"5043",36948000,47.15275522,23,5,2,0,3,0,0,6.481453908,"2"
"5045",21407000,10.51992339,3,5,7,0,0,0,0,27.36913372,"2"
"5047",100958000,76.64771489,68,3,6,1,5,0,38,64.92742711,"3"
"5049",15705000,0,1,7,5,0,0,0,0,29.72295166,"2"
"5051",25647000,77.98962842,6,0,1,2,0,0,0,5.105298016,"2"
"5053",4907000,0,1,1,2,0,1,0,0,8.20943062,"2"
"5055",65362000,28.85621615,23,12,0,0,0,0,0,6.012665905,"2"
"5057",145045000,72.73397911,81,6,11,9,37,1,0,90.82267774,"3"
"5059",10290000,24.80077745,4,1,4,0,0,0,0,10.57456526,"2"
"5061",132405000,54.97602054,74,1,2,28,10,0,0,98.0330892,"1"
"5063",74413000,62.39366777,31,13,6,0,12,0,0,38.56845222,"1"
"5065",28674000,55.09869568,14,3,2,1,2,0,1,29.71904077,"2"
"5067",81248000,45.63681568,38,35,0,0,0,0,0,3.286467767,"1"
"5069",96960000,73.44884488,66,47,1,0,3,0,0,5.071066555,"1"
"5071",84325000,73.74206937,55,2,6,4,22,0,17,58.49521227,"3"
"5073",73577000,78.18204058,59,8,7,0,25,0,0,52.7256822,"1"
"5075",76239000,30.58014927,30,20,2,0,0,0,0,19.20080398,"1"
"5077",81209000,69.9319041,55,41,0,0,0,0,0,1.673680508,"1"
"5079",110629000,78.48032614,61,22,3,1,23,0,0,34.17799416,"1"
"5081",38213000,54.88708031,24,18,7,10,6,0,0,41.32710735,"1"
"5083",93606000,64.39437643,63,10,5,5,28,0,9,71.69722204,"1"
"5085",127831000,52.1837426,73,33,0,0,0,0,0,9.77962996,"1"
"5087",109236000,51.23310996,66,6,8,8,22,0,24,64.79756523,"3"
"5089",21706000,57.85036395,9,6,2,0,1,0,10,22.53898045,"2"
"5091",47521000,57.542981,36,12,7,0,5,0,0,31.1831613,"1"
"5093",171483000,71.55636419,130,69,0,0,0,0,0,0.728249266,"1"
"5095",64064000,54.10995255,40,37,0,0,0,0,0,0.954634382,"1"
"5097",43643000,43.25321357,23,0,1,7,5,0,0,23.79487956,"2"
"5099",34766000,46.30386009,16,1,2,0,6,0,0,25.37621994,"2"
"5101",10146000,44.6481372,5,2,0,3,1,0,0,10.8454071,"2"
"5103",7393000,59.89449479,7,1,1,0,0,0,0,6.009792535,"2"
"5105",37536000,54.0601023,25,2,0,4,6,0,0,34.00790018,"2"
"5107",114858000,71.40643229,66,47,1,0,0,0,0,1.708017239,"1"
"5109",58115000,59.29966446,33,0,2,10,3,0,0,35.96217409,"2"
"5111",142996000,42.62287057,81,34,0,0,0,0,0,1.030301605,"1"
"5113",103458000,46.47489803,55,2,4,11,3,0,0,49.50835122,"1"
"5115",113736000,61.41151438,68,4,3,22,11,0,1,58.83848946,"1"
"5117",91276000,48.02795916,49,32,2,1,0,0,0,3.523420079,"1"
"5119",25464000,50.55765002,10,13,2,0,2,0,0,6.126736552,"2"
"5121",44979000,45.06325174,23,17,6,0,0,0,0,21.08116469,"1"
"5123",69522000,54.67765599,45,42,0,0,0,0,0,1.647225383,"1"
"5125",4160000,0,1,0,1,0,0,0,0,5.640534209,"2"
"5127",92439000,58.48072783,42,1,1,1,21,0,0,37.45109926,"1"
"5129",10499000,0,0,8,6,1,0,0,0,19.40086509,"2"
"5131",38552000,54.17617763,22,1,5,1,8,0,0,34.72713897,"2"
"5133",132676000,68.65672767,90,5,7,37,20,0,0,95.13168514,"1"
"5135",33477000,56.90175344,18,7,4,0,5,0,0,25.23159766,"2"
"5137",38457000,30.25196973,16,3,2,0,5,0,0,40.94438782,"2"
"5139",51789000,72.90737415,30,1,0,0,13,0,0,19.89107899,"1"
"5141",21052000,0,1,1,1,3,0,0,0,17.41122344,"2"
"5143",365172000,73.09185808,171,4,16,11,69,2,34,137.8034594,"3"
"5145",64498000,39.5686688,29,18,9,0,2,0,0,24.55852464,"2"
"5147",74024000,69.18161677,62,51,1,0,0,0,0,0.842364429,"1"
"5149",115954000,58.68706556,67,7,5,17,20,0,0,48.66945712,"1"
"17001",120059000,24.72451045,32,10,3,31,0,0,0,36.11111748,"1"
"17003",13225000,43.20604915,8,7,0,0,0,0,0,5.253198787,"2"
"17005",45698000,12.60886691,8,6,0,2,0,0,0,17.90348295,"2"
"17007",54132000,34.87401168,21,5,1,3,0,0,0,20.87900527,"2"
"17009",30657000,33.8160942,12,10,1,5,0,0,0,22.91369541,"2"
"17011",202518000,39.57771655,65,18,3,29,0,0,0,25.27261679,"1"
"17013",18011000,28.6713675,6,5,0,5,0,0,0,17.08527976,"2"
"17015",127851000,52.96869012,62,12,24,21,0,0,0,61.35505664,"1"
"17017",73694000,52.7736315,24,11,1,12,0,0,0,50.19377944,"2"
"17019",190880000,22.86567477,58,20,2,5,0,0,0,5.637793785,"1"
"17021",123046000,35.79067991,59,29,0,11,0,0,0,10.14736305,"1"
"17023",62825000,30.60883406,25,27,0,10,0,0,0,12.60438684,"1"
"17025",49577000,25.66714404,15,10,0,5,0,0,0,14.92170443,"2"
"17027",107204000,40.77179956,40,8,7,19,0,1,0,80.20414192,"1"
"17029",73402000,18.34827389,20,11,1,1,0,0,0,7.87191383,"2"
"17031",21436000,60.84623997,9,3,0,0,0,0,0,0.113558213,"2"
"17033",51892000,28.74431512,18,15,1,6,0,0,4,12.44042504,"2"
"17035",53730000,30.87102178,21,4,1,13,0,0,0,28.64409175,"2"
"17037",186543000,51.92368516,87,23,12,39,0,0,0,59.54200141,"1"
"17039",69236000,24.62013981,21,11,0,2,0,0,0,8.914883164,"2"
"17041",81323000,21.20802233,26,9,0,4,0,0,0,10.67042296,"2"
"17043",17660000,67.87089468,7,1,0,0,0,0,0,0.173583023,"2"
"17045",165293000,56.08162475,34,20,0,5,0,0,0,21.96673016,"1"
"17047",27502000,26.99076431,11,7,0,9,0,0,0,27.92529965,"2"
"17049",79926000,19.46050096,20,6,1,22,0,0,0,43.64569236,"1"
"17051",71808000,21.62572415,19,15,0,6,0,0,0,12.79647027,"2"
"17053",99614000,32.90400948,43,16,1,11,0,0,0,15.73599153,"2"
"17055",31660000,24.90524321,11,15,0,5,0,0,2,16.78363829,"2"
"17057",99701000,22.54039578,26,22,3,11,0,0,0,24.12473197,"1"
"17059",45284000,57.25421783,23,21,0,2,0,0,0,6.83495731,"1"
"17061",105750000,48.10591017,29,19,0,14,0,0,0,52.37152728,"1"
"17063",59864000,21.51042363,20,10,1,4,0,0,0,6.271788506,"2"
"17065",38956000,36.98018277,17,18,0,2,0,0,0,11.58544101,"2"
"17067",128148000,28.74488872,44,15,4,24,0,0,0,32.70013482,"1"
"17069",3230000,0,1,2,0,1,0,0,0,12.49390869,"2"
"17071",61937000,22.06274117,20,10,8,6,0,0,0,32.00270177,"2"
"17073",182903000,31.52818707,64,12,6,64,0,0,0,58.78551982,"1"
"17075",239725000,34.53832516,74,27,2,10,0,1,0,13.02061866,"1"
"17077",37734000,36.64069539,18,20,2,2,0,0,0,13.04924092,"2"
"17079",86464000,29.14507772,29,6,0,39,0,0,0,36.77211825,"1"
"17081",35424000,18.14588979,10,12,0,2,0,0,3,12.69401482,"2"
"17083",39929000,23.78221343,11,10,1,1,0,0,0,19.00393748,"2"
"17085",75002000,21.01677289,20,13,12,7,0,0,0,49.38457603,"2"
"17087",10528000,0,2,4,5,2,0,0,0,23.95786848,"2"
"17089",124534000,55.93171343,53,9,6,11,0,0,0,18.0390064,"1"
"17091",133958000,41.34280894,55,19,3,5,0,1,0,10.97411405,"1"
"17093",59280000,34.06545209,22,4,2,4,0,0,0,19.64861867,"2"
"17095",131430000,44.52408126,63,21,7,37,0,0,0,41.12876799,"1"
"17097",32402000,56.94092957,15,3,1,0,0,0,0,1.502804775,"2"
"17099",186724000,20.15862985,46,10,5,12,0,0,0,9.951570788,"1"
"17101",55234000,48.56247963,22,13,0,9,0,0,7,19.65130188,"2"
"17103",142056000,31.42000338,50,17,12,11,0,0,0,18.20383477,"1"
"17105",214722000,22.39919524,50,13,0,40,0,0,0,25.31092833,"1"
"17107",133337000,31.66337926,54,14,1,23,0,0,0,26.90579104,"1"
"17109",99211000,30.99353902,44,10,1,11,0,0,0,15.97725805,"2"
"17111",112897000,49.68954002,52,20,12,8,0,0,0,22.54785438,"1"
"17113",240032000,30.16306159,94,34,3,25,0,0,0,13.84366093,"1"
"17115",106407000,29.18792937,41,19,1,2,0,0,0,5.455534411,"1"
"17117",125191000,31.04536269,40,16,11,25,0,0,0,29.88062242,"1"
"17119",86826000,25.12841776,22,8,1,8,0,0,0,17.93168257,"2"
"17121",55005000,27.42659758,6,9,1,3,0,1,0,11.27127443,"2"
"17123",68326000,22.30190557,21,12,3,4,0,0,0,15.05955225,"2"
"17125",83390000,36.28372707,39,20,0,8,0,0,0,13.66619446,"1"
"17127",20221000,25.56747935,6,5,7,1,0,0,0,31.02919152,"2"
"17129",52767000,32.77995717,22,10,1,10,0,0,0,24.01642405,"2"
"17131",92911000,31.49465618,38,21,1,22,0,0,0,24.4355563,"1"
"17133",49827000,26.65422361,15,10,2,14,0,0,0,29.64998165,"2"
"17135",109196000,26.87186344,31,10,2,16,0,0,0,19.19367028,"1"
"17137",96849000,30.88725748,33,11,3,22,0,0,0,29.73713033,"1"
"17139",56494000,28.21184551,21,11,0,5,0,0,0,10.78076524,"2"
"17141",152867000,38.62050017,63,16,16,21,0,0,0,35.65133955,"1"
"17143",78785000,28.55619725,26,10,2,7,0,0,0,15.35782744,"2"
"17145",28931000,12.51944281,6,9,1,1,0,0,0,13.17370563,"2"
"17147",84140000,30.38150701,34,10,0,6,0,0,0,8.571672838,"2"
"17149",123214000,48.26399597,59,35,1,41,0,0,0,28.31952307,"1"
"17151",4819000,0,1,2,1,1,0,0,0,9.11049985,"2"
"17153",15589000,20.02694207,4,7,0,0,0,0,0,12.37795402,"2"
"17155",41824000,56.5966909,8,3,0,2,0,0,0,13.81633558,"2"
"17157",50565000,12.36626125,9,11,2,3,0,0,0,19.66819927,"2"
"17159",60710000,47.06143963,30,12,0,14,0,0,5,34.68715846,"2"
"17161",50331000,27.52776619,19,6,0,15,0,0,0,24.11351356,"2"
"17163",78109000,30.50480738,25,13,0,9,0,0,0,11.8568528,"2"
"17165",33338000,35.20007199,10,9,0,8,0,0,0,19.05276708,"2"
"17167",163426000,46.8591289,75,37,0,14,0,0,0,16.00285686,"1"
"17169",39803000,27.87478331,13,13,1,5,0,0,0,20.73189563,"2"
"17171",34651000,26.08005541,12,9,0,3,0,0,0,19.74667259,"2"
"17173",112705000,22.4187037,29,13,2,14,0,0,0,20.44252668,"1"
"17175",65697000,37.29241822,29,8,0,8,0,0,0,20.88598155,"2"
"17177",144030000,32.90564466,45,9,5,21,0,1,0,65.87250757,"1"
"17179",123848000,33.86489891,53,15,0,36,0,0,0,28.03755793,"1"
"17181",20591000,40.69253557,7,6,1,0,0,0,0,16.68871126,"2"
"17183",140760000,28.58198352,53,30,1,5,0,0,0,7.283386534,"1"
"17185",31024000,29.97679216,13,13,0,3,0,0,0,15.81682704,"2"
"17187",106884000,29.41693799,43,10,5,15,0,0,0,28.45461972,"1"
"17189",88348000,23.8103862,26,8,0,19,0,0,0,30.24891586,"1"
"17191",71302000,38.69035932,32,21,2,13,0,0,6,22.25111251,"2"
"17193",61545000,56.5439922,35,39,0,5,0,0,0,10.40999577,"1"
"17195",160477000,37.38105772,62,15,13,25,0,0,0,41.50862185,"1"
"17197",108315000,36.943175,29,13,0,7,0,0,0,6.615430916,"2"
"17199",11545000,0,2,3,0,1,0,0,0,10.84445939,"2"
"17201",68580000,29.12510936,27,10,3,6,0,0,0,18.87812168,"2"
"17203",107765000,28.72546745,32,9,0,27,0,0,0,28.34714874,"1"
"18001",96691000,30.59850451,34,8,1,26,0,3,1,65.74681499,"1"
"18003",93470000,27.37027923,35,9,10,12,0,0,0,20.95033026,"2"
"18005",47358000,21.03762828,14,6,0,7,0,0,0,14.64197907,"2"
"18007",80344000,27.29264164,31,11,1,2,0,0,0,5.539502938,"2"
"18009",25229000,36.10527567,8,10,0,6,0,0,0,33.41556885,"2"
"18011",81525000,44.4109169,42,13,1,18,0,0,4,28.63748809,"2"
"18013",2300000,0,0,0,0,0,0,0,0,2.93341057,"2"
"18015",118519000,58.83191725,61,12,0,60,0,0,0,103.6654352,"1"
"18017",79640000,42.41838272,40,11,3,23,0,0,0,34.98212477,"1"
"18019",22988000,9.813815904,4,1,2,1,1,0,1,15.59131311,"2"
"18021",43044000,27.62986711,12,5,1,8,0,0,1,15.59578292,"2"
"18023",106586000,47.99035521,53,9,0,40,0,2,1,75.98221347,"1"
"18025",3843000,0,0,0,0,0,0,0,0,10.62113363,"2"
"18027",119736000,50.93789671,60,16,3,39,0,0,32,83.82750982,"3"
"18029",9499000,0,1,0,0,0,0,0,0,14.52217518,"2"
"18031",83916000,40.38324038,38,4,3,39,0,0,0,72.49261661,"1"
"18033",39556000,32.7839013,16,5,4,3,0,0,0,18.8873976,"2"
"18035",53404000,40.93513594,24,15,0,5,0,0,0,14.0773953,"2"
"18037",144638000,65.9183617,65,7,1,32,0,5,46,91.8930746,"3"
"18039",130746000,33.74405336,44,3,1,19,0,0,0,68.18632202,"1"
"18041",26473000,8.291466777,3,2,1,8,0,0,0,31.1642836,"2"
"18043",4083000,0,0,0,0,0,0,0,0,10.20516614,"2"
"18045",48828000,21.97100025,13,7,0,4,0,0,0,16.75366258,"2"
"18047",31869000,11.0828705,6,0,1,12,0,0,0,30.05763773,"2"
"18049",56363000,25.61254724,15,5,0,8,0,0,0,24.66767054,"2"
"18051",69899000,28.44675889,25,18,0,9,0,0,2,15.98435011,"2"
"18053",63462000,31.35577196,25,9,1,10,0,0,0,12.20639887,"2"
"18055",77801000,67.88344623,26,11,2,6,0,0,6,45.02837195,"2"
"18057",60959000,44.75303073,14,7,0,7,0,0,0,12.43816756,"2"
"18059",56665000,39.81470043,29,11,0,16,0,0,0,26.63527045,"2"
"18061",46670000,50.63852582,7,3,3,1,2,0,0,26.29231799,"2"
"18063",50749000,33.98687659,18,10,0,5,0,0,1,16.63430256,"2"
"18065",53031000,28.4361977,22,5,2,3,0,0,0,15.66448946,"2"
"18067",64589000,38.8827819,29,6,2,19,0,0,0,49.77693085,"1"
"18069",70594000,38.45652605,21,4,1,10,0,0,0,21.42716748,"2"
"18071",93601000,54.3103172,15,3,4,7,0,1,1,24.69168292,"2"
"18073",111942000,45.57538725,52,13,4,27,0,1,0,39.93416687,"1"
"18075",83354000,50.58785421,38,3,1,15,0,8,17,29.85675257,"3"
"18077",23919000,0,2,4,1,1,0,0,0,14.56730626,"2"
"18079",45556000,60.02502415,10,8,0,1,0,1,0,13.84611553,"2"
"18081",47273000,39.26977344,17,5,3,4,0,0,0,30.10529599,"2"
"18083",103779000,51.66266778,48,21,3,16,0,0,4,23.65365247,"1"
"18085",148750000,62.89478992,57,12,11,25,0,2,0,40.76108688,"1"
"18087",109664000,35.26499125,23,6,3,13,1,0,0,69.98734339,"1"
"18089",49249000,41.31454446,23,13,0,4,0,0,0,4.522535397,"2"
"18091",97444000,45.18903165,46,19,8,7,0,0,0,23.98864548,"1"
"18093",22621000,30.79881526,5,4,5,1,1,0,1,23.0602586,"2"
"18095",79857000,41.39900071,35,12,1,8,0,0,0,15.52881318,"2"
"18097",36035000,71.25849868,11,1,0,0,0,0,0,1.248394212,"2"
"18099",64749000,28.79426709,25,9,3,2,0,0,0,18.4218042,"2"
"18101",23803000,47.23774314,11,3,0,4,0,1,18,30.16671208,"3"
"18103",75776000,36.4165435,27,5,4,29,0,0,0,43.40464283,"1"
"18105",9192000,25.45691906,4,0,1,0,0,0,0,9.750975499,"2"
"18107",85523000,42.67974697,36,22,0,13,0,0,3,46.71665267,"1"
"18109",34591000,32.89005811,14,6,1,3,0,0,0,12.00388777,"2"
"18111",85315000,51.19381117,28,16,0,9,0,1,0,23.55286376,"2"
"18113",60780000,35.72885818,20,1,2,12,0,0,0,30.06111889,"2"
"18115",4060000,0,1,0,0,0,0,0,0,13.43289865,"2"
"18117",21934000,46.47579101,4,3,1,3,0,1,0,14.51292765,"2"
"18119",16494000,21.0985813,3,1,2,3,0,0,0,14.02946632,"2"
"18121",44038000,32.41064535,18,21,1,4,0,0,0,13.60862905,"2"
"18123",13084000,33.300214,5,0,1,5,0,0,1,21.12515394,"2"
"18125",20208000,21.94180523,6,3,0,2,0,0,4,8.852648664,"2"
"18127",42888000,23.00876702,14,4,0,4,0,0,0,8.987454168,"2"
"18129",60134000,39.38204676,33,18,0,5,0,0,1,10.96714834,"1"
"18131",98145000,53.37103266,40,22,1,14,0,1,0,22.51507726,"2"
"18133",48999000,28.79242434,13,10,0,10,0,0,1,22.87617603,"2"
"18135",67639000,26.87354928,19,7,0,10,0,0,2,16.45809628,"2"
"18137",59468000,52.66025425,15,4,1,8,0,0,0,24.07275661,"2"
"18139",87033000,31.00777866,31,8,4,26,0,0,0,51.24080229,"1"
"18141",56520000,41.49150743,24,9,0,6,0,1,0,14.68000975,"2"
"18143",9521000,20.97468753,3,3,0,0,0,0,1,8.491944066,"2"
"18145",67768000,31.65210719,24,9,1,8,0,0,0,24.95899507,"2"
"18147",52005000,40.27881934,27,15,0,18,0,0,3,33.41429117,"2"
"18149",33311000,35.80799135,13,10,0,1,0,0,0,3.274494957,"2"
"18151",26171000,17.69897979,6,8,0,1,0,0,0,13.38598652,"2"
"18153",44677000,30.33328111,20,18,0,5,0,0,2,9.11229109,"2"
"18155",13612000,24.40493682,3,2,0,1,0,0,0,12.34100313,"2"
"18157",81126000,41.58716071,32,21,2,22,0,0,0,32.28235916,"1"
"18159",66995000,45.50339578,30,7,0,12,0,1,0,33.64070011,"2"
"18161",26317000,15.57548353,7,0,0,6,0,0,0,39.25731129,"2"
"18163",21689000,21.92355572,6,2,0,0,0,0,0,6.603830684,"2"
"18165",30625000,43.06612245,9,6,0,2,0,0,0,14.21693454,"2"
"18167",26204000,23.12242406,8,8,0,5,0,0,0,8.485276062,"2"
"18169",100852000,52.27561179,42,7,13,33,0,1,0,66.73018346,"1"
"18171",58509000,47.54824044,19,15,0,3,0,0,0,3.542360965,"2"
"18173",24055000,21.29702764,7,5,0,1,0,0,0,8.681047803,"2"
"18175",40965000,28.83925302,14,3,2,5,6,0,3,31.09092268,"2"
"18177",51922000,25.55756712,18,1,2,9,0,0,0,26.4251307,"2"
"18179",76276000,37.13356757,33,8,7,15,0,1,0,19.7002631,"2"
"18181",119971000,49.96124063,49,17,0,35,0,1,0,38.41153176,"1"
"18183",52060000,38.74951978,24,9,2,18,0,0,0,28.42092181,"2"
"19001",84799000,27.23499098,16,15,11,7,0,1,0,42.72110102,"2"
"19003",50509000,31.74483755,20,10,10,16,0,0,0,52.2756486,"2"
"19005",81994000,14.02053809,16,6,5,23,0,0,0,58.24231748,"2"
"19007",30260000,14.30270985,6,10,5,0,0,0,0,34.20671762,"2"
"19009",116428000,48.01422338,50,13,10,58,0,0,0,90.73145766,"1"
"19011",161581000,29.46819242,51,7,9,25,0,1,0,35.84255067,"1"
"19013",129897000,29.7859073,43,3,3,58,0,0,0,50.67938929,"1"
"19015",123544000,33.65440653,39,10,7,25,0,2,0,30.92357928,"1"
"19017",103552000,24.28345179,29,4,3,27,0,0,0,55.73178423,"1"
"19019",139832000,29.33877796,54,10,4,53,0,0,0,64.55990623,"1"
"19021",212862000,50.30583195,90,8,5,103,0,2,4,112.7750473,"1"
"19023",133606000,30.08697214,41,6,2,44,0,0,1,67.52213794,"1"
"19025",142393000,35.46452424,54,10,9,46,0,0,0,60.70034951,"1"
"19027",222396000,49.54945233,85,4,37,108,0,0,0,160.7506662,"1"
"19029",95329000,33.60782133,35,7,15,15,1,2,0,54.16756775,"1"
"19031",130902000,27.68636079,40,7,2,42,0,0,0,47.15854366,"1"
"19033",123775000,36.48475056,43,9,2,31,0,0,0,43.44303951,"1"
"19035",148555000,35.26303389,63,4,22,76,0,0,1,95.64915546,"1"
"19037",124259000,36.27745274,41,3,12,37,0,0,0,70.07486596,"1"
"19039",39053000,38.82672266,5,7,9,6,0,0,0,39.4665937,"2"
"19041",123032000,43.81949412,46,7,7,26,0,1,0,50.58173215,"1"
"19043",172085000,24.90397187,48,3,9,70,0,2,1,80.91772054,"1"
"19045",151916000,26.68316701,42,2,11,20,0,0,0,49.2992767,"1"
"19047",145406000,32.70704097,52,16,13,43,0,0,0,70.82118094,"1"
"19049",121368000,41.0882605,34,16,4,14,0,1,0,21.53874903,"2"
"19051",57008000,35.90548695,9,11,6,10,0,0,0,63.888789,"2"
"19053",55021000,51.75114956,10,9,12,5,0,0,0,49.06748812,"2"
"19055",193499000,26.66267009,64,1,8,135,0,0,0,140.1800726,"1"
"19057",71477000,33.11834576,19,3,4,19,0,0,0,44.72810539,"2"
"19059",74662000,33.15609011,21,2,12,15,0,0,0,39.52963885,"2"
"19061",171364000,23.51952569,58,2,17,86,0,0,0,129.7619881,"1"
"19063",94559000,39.12054908,34,2,9,23,0,1,0,78.63251445,"1"
"19065",183356000,33.20589454,65,8,11,66,0,1,0,83.46147515,"1"
"19067",115805000,33.77747075,45,8,1,38,0,0,0,45.26812831,"1"
"19069",182466000,49.84545066,58,5,6,56,0,1,0,88.37722157,"1"
"19071",90885000,33.46096716,24,24,4,3,0,0,0,20.93412646,"1"
"19073",125287000,31.00800562,43,13,6,35,0,0,0,41.11473666,"1"
"19075",152076000,42.79439228,61,12,5,38,0,0,0,65.99873611,"1"
"19077",97145000,41.1755623,18,11,5,23,0,1,0,46.05091458,"2"
"19079",230724000,63.74369376,87,17,1,65,1,0,2,107.8669805,"1"
"19081",143951000,31.54754048,43,6,4,48,0,1,0,51.01318393,"1"
"19083",204626000,57.3675877,70,8,6,65,0,1,0,186.5022372,"1"
"19085",117864000,33.27309441,44,19,9,13,0,0,0,30.70920125,"1"
"19087",77586000,27.38122857,29,3,1,29,0,0,5,46.70847876,"1"
"19089",96288000,31.46082586,33,12,7,23,0,0,0,56.20025543,"1"
"19091",103706000,25.13837194,28,6,3,19,0,0,0,42.40289049,"1"
"19093",98737000,31.72873391,40,7,13,32,0,0,0,81.22776845,"1"
"19095",106060000,31.52460871,33,7,12,34,0,0,0,61.72975109,"1"
"19097",97720000,19.42898076,23,5,20,20,0,1,0,73.0961245,"1"
"19099",155264000,29.52970425,40,10,8,42,0,0,0,60.79492415,"1"
"19101",58592000,26.21006281,21,7,1,20,0,0,0,40.84634383,"1"
"19103",100755000,18.60652077,28,3,3,33,0,1,1,62.90247079,"1"
"19105",140031000,33.24620977,53,3,25,49,0,0,0,74.90264837,"1"
"19107",97367000,29.17415551,33,7,2,43,0,0,0,56.10944963,"1"
"19109",248373000,32.48863604,87,14,9,76,0,0,0,75.28085756,"1"
"19111",78831000,30.71253695,28,5,0,35,0,0,0,46.12776383,"1"
"19113",115381000,23.41113355,29,10,3,21,0,0,0,38.44244458,"1"
"19115",82278000,43.76504047,23,2,0,23,0,0,0,37.62007485,"1"
"19117",29871000,11.95808644,5,12,7,3,0,0,0,39.75275295,"2"
"19119",201424000,42.18166653,84,3,30,96,0,1,0,117.8765209,"1"
"19121",74280000,41.71109316,20,15,10,10,0,1,0,41.29918758,"2"
"19123",157351000,45.60504859,52,7,11,69,0,1,0,87.21515382,"1"
"19125",74012000,28.61833216,21,11,4,26,0,0,0,38.65126991,"1"
"19127",119998000,28.53547559,37,8,4,35,0,0,0,46.352437,"1"
"19129",62749000,16.68711852,13,14,2,2,0,0,0,16.9152691,"2"
"19131",162240000,47.33173077,72,1,22,58,0,1,0,127.9298721,"1"
"19133",105292000,35.58390001,41,27,9,14,0,0,0,29.30825298,"1"
"19135",40360000,30.97125867,8,7,8,9,0,0,0,50.24658041,"2"
"19137",83963000,41.32296369,19,5,8,11,0,1,0,35.93799029,"2"
"19139",75947000,27.98793896,27,3,2,14,0,0,1,36.77772472,"1"
"19141",185038000,36.08123737,74,2,12,83,0,2,0,108.955369,"1"
"19143",142291000,52.7756499,63,5,11,50,0,1,0,116.9157889,"1"
"19145",80906000,17.58213235,16,10,7,22,0,0,0,42.65598194,"2"
"19147",158615000,43.44608013,47,5,9,42,0,3,0,85.00767415,"1"
"19149",242384000,40.56125817,98,11,33,142,0,0,0,118.1054442,"1"
"19151",143079000,27.84755275,44,7,1,34,0,1,0,35.48130008,"1"
"19153",74205000,33.12714777,36,10,0,5,0,0,0,15.07048543,"2"
"19155",196257000,33.102004,58,18,19,30,0,0,0,38.35210653,"1"
"19157",109430000,30.95403454,27,10,5,13,0,1,0,45.1645046,"2"
"19159",49689000,38.18148886,11,11,6,15,1,0,0,72.39003392,"2"
"19161",193395000,53.22681558,76,11,16,82,0,0,0,129.6629455,"1"
"19163",96554000,33.12032645,40,4,4,27,0,0,0,42.98526064,"1"
"19165",135512000,24.74909971,28,3,11,29,0,0,0,57.46909624,"1"
"19167",511743000,62.44560258,252,5,87,219,2,7,1,244.550551,"1"
"19169",135320000,33.44812297,49,15,8,30,0,0,0,36.21343136,"1"
"19171",130061000,25.52340825,32,9,3,20,0,0,0,38.46689444,"1"
"19173",62701000,36.35029744,10,15,3,8,0,1,0,36.54199919,"2"
"19175",40088000,20.91648374,12,9,5,12,1,0,0,57.03802411,"2"
"19177",43154000,15.53737776,8,7,2,9,0,0,0,37.98671254,"2"
"19179",45811000,22.43347668,15,2,0,13,0,0,0,30.32424434,"2"
"19181",62267000,26.07480688,21,13,5,15,0,0,0,39.28049644,"2"
"19183",172951000,45.88582893,83,5,1,131,0,0,2,98.92069044,"1"
"19185",37265000,6.292768013,3,13,3,4,0,0,0,34.60535304,"2"
"19187",170726000,36.22646814,54,17,6,42,0,1,0,37.53687788,"1"
"19189",81723000,16.70031692,18,7,1,11,0,1,0,38.60580834,"1"
"19191",132220000,21.92482227,38,4,5,37,0,1,0,69.65519981,"1"
"19193",155092000,33.84442782,46,24,17,29,0,0,0,42.06491952,"1"
"19195",78863000,15.92381725,17,0,1,16,0,0,1,27.87813372,"1"
"19197",179262000,48.32981892,40,7,1,23,0,2,0,100.1503189,"1"
"21001",29677000,0,0,0,1,0,0,0,0,44.97552269,"2"
"21003",36017000,48.56595497,9,2,5,5,1,0,0,83.54727711,"2"
"21005",11809000,0,0,0,2,0,0,0,0,31.64553364,"2"
"21007",36147000,45.42562315,20,7,1,4,11,0,0,39.17218119,"2"
"21009",60342000,15.54307116,11,1,11,0,9,0,0,75.20948974,"2"
"21011",22478000,0,1,1,1,0,0,0,0,34.03904792,"2"
"21013",143000,0,0,0,0,0,0,0,0,0.69320539,"2"
"21015",16079000,0,2,0,0,0,0,0,0,18.919355,"2"
"21017",89539000,53.15449134,38,7,11,2,0,0,0,73.6321834,"1"
"21019",2585000,0,0,1,0,0,0,0,0,9.356925583,"2"
"21021",27661000,32.58016702,8,3,9,0,0,0,0,70.16968964,"2"
"21023",17543000,0,1,0,0,0,0,0,0,26.39647719,"2"
"21025",1455000,0,0,2,0,0,0,0,0,0.780798872,"2"
"21027",32712000,6.025311812,3,11,4,6,0,0,0,32.63072753,"2"
"21029",7910000,0,1,0,2,0,0,0,0,13.51564117,"2"
"21031",24043000,34.54643763,7,8,3,3,0,0,0,31.37574219,"2"
"21033",23305000,32.26346278,6,5,0,3,0,0,0,22.49427406,"2"
"21035",52333000,41.36204689,24,7,1,2,17,0,0,33.97178912,"2"
"21037",5769000,0,0,0,0,0,0,0,0,24.09188051,"2"
"21039",26308000,48.17926106,14,7,0,2,6,0,0,32.5372629,"2"
"21041",8863000,0,0,2,1,0,0,0,0,26.21948505,"2"
"21043",9836000,0,0,0,0,0,0,0,0,10.64552174,"2"
"21045",29235000,0,1,1,2,3,0,0,0,38.97381258,"2"
"21047",85736000,41.12508165,32,20,3,5,1,0,0,26.38578129,"1"
"21049",36126000,28.77705807,11,6,10,0,0,0,0,76.48829054,"2"
"21051",5310000,0,0,0,0,0,0,0,0,2.911622426,"2"
"21053",11218000,0,1,2,2,0,6,0,0,59.20313834,"2"
"21055",11078000,0,1,6,1,0,2,0,0,22.27189556,"2"
"21057",7461000,0,0,4,0,0,1,0,0,14.78397092,"2"
"21059",73251000,39.39468403,31,22,3,5,2,0,0,31.39025694,"1"
"21061",10877000,0,0,1,0,2,0,0,0,27.02354095,"2"
"21063",4180000,0,0,0,0,0,0,0,0,9.252170575,"2"
"21065",4781000,0,0,0,0,0,0,0,0,12.31537917,"2"
"21067",141357000,73.84423835,57,6,6,0,0,0,0,29.72525477,"1"
"21069",36879000,8.733967841,3,3,5,1,0,0,0,52.10550255,"2"
"21071",581000,0,0,0,0,0,0,0,0,0.490374128,"2"
"21073",15760000,0,1,1,1,0,0,0,0,26.73650882,"2"
"21075",25243000,41.21142495,13,13,0,0,6,0,0,8.303800854,"2"
"21077",6469000,0,1,0,0,0,0,0,0,18.68101488,"2"
"21079",29948000,15.24642714,6,1,7,0,0,0,0,63.1638052,"2"
"21081",15970000,0,0,0,0,0,0,0,0,24.61074246,"2"
"21083",125682000,57.72266514,56,10,1,7,47,0,0,58.05838944,"3"
"21085",34860000,18.56855995,10,5,3,3,0,0,0,40.49635136,"2"
"21087",23860000,0,1,0,2,0,0,0,0,49.30555437,"2"
"21089",8567000,0,0,2,0,0,0,0,0,11.56358716,"2"
"21091",12286000,24.4017581,4,3,0,2,1,0,0,23.71474384,"2"
"21093",40418000,12.72205453,8,5,2,5,2,0,0,31.43163982,"2"
"21095",206000,0,0,0,0,0,0,0,0,0.004419409,"2"
"21097",29071000,0,1,1,0,0,0,0,0,44.7198549,"2"
"21099",34612000,6.662429215,3,3,3,0,0,0,0,45.30548042,"2"
"21101",52110000,51.4066398,26,23,2,1,1,0,0,12.60911162,"1"
"21103",36830000,16.48112951,6,2,1,0,0,0,0,42.4306331,"2"
"21105",48803000,64.70913673,32,13,0,1,32,0,0,56.66350553,"1"
"21107",29460000,39.57909029,9,12,2,3,12,0,0,18.80265479,"2"
"21109",9993000,0,2,0,2,0,0,0,0,13.14119285,"2"
"21111",14260000,18.77279102,4,0,0,0,0,0,0,5.148851709,"2"
"21113",66651000,66.01851435,9,0,2,0,0,0,0,49.14187178,"2"
"21115",1351000,0,0,0,0,0,0,0,0,2.042135006,"2"
"21117",5360000,0,0,0,0,0,0,0,0,17.35987012,"2"
"21119",65000,0,0,0,0,0,0,0,0,0.42855248,"2"
"21121",3134000,0,0,2,0,0,0,0,0,5.1912081,"2"
"21123",25272000,19.57898069,7,1,4,0,0,0,0,47.69729432,"2"
"21125",15019000,0,0,0,1,0,0,0,0,20.4890754,"2"
"21127",2165000,0,0,0,0,0,0,0,0,3.464280351,"2"
"21129",1755000,0,0,0,0,0,0,0,0,4.058877825,"2"
"21131",122000,0,0,0,0,0,0,0,0,0.000903481,"2"
"21133",65000,0,0,0,0,0,0,0,0,0.353178962,"2"
"21135",14124000,0,0,2,0,0,0,0,0,11.45068748,"2"
"21137",38587000,16.37598155,8,1,8,0,0,0,0,64.18371238,"2"
"21139",10252000,30.89153336,5,6,4,0,2,0,0,21.55264819,"2"
"21141",66206000,29.19221823,21,10,4,1,0,0,0,33.96676173,"2"
"21143",6229000,0,2,3,1,1,0,0,0,14.24615361,"2"
"21145",17315000,36.29800751,9,2,0,0,1,0,0,9.903206892,"2"
"21147",569000,0,0,0,0,0,0,0,0,1.839121853,"2"
"21149",57957000,52.8426247,33,8,1,8,15,0,0,89.25325408,"1"
"21151",44862000,10.31385137,3,4,11,0,0,0,0,54.3577995,"2"
"21153",2699000,0,0,0,0,0,0,0,0,2.478453325,"2"
"21155",34336000,6.392707363,3,3,8,5,0,0,0,57.91738094,"2"
"21157",19777000,37.51832937,8,2,0,1,6,0,0,23.93025483,"2"
"21159",50000,0,0,0,0,0,0,0,0,0.630897026,"2"
"21161",30395000,10.66293798,5,2,4,0,0,0,0,47.31245023,"2"
"21163",19480000,10.90349076,3,3,1,0,1,0,0,35.86412845,"2"
"21165",4048000,0,0,0,0,0,0,0,0,7.774810152,"2"
"21167",30858000,20.53924428,7,4,6,0,0,0,0,58.82010824,"2"
"21169",25312000,0,2,2,2,0,3,0,0,50.6881224,"2"
"21171",25800000,13.34883721,5,4,9,0,5,0,0,66.23747003,"2"
"21173",22088000,0,0,0,1,0,0,0,0,54.63073649,"2"
"21175",9727000,0,0,0,0,0,0,0,0,10.02548814,"2"
"21177",34065000,57.89226479,5,6,0,1,4,1,0,18.75083378,"2"
"21179",39525000,23.94939911,10,1,4,12,0,0,0,54.67994725,"2"
"21181",15626000,0,1,2,0,0,0,0,0,42.04070167,"2"
"21183",45081000,38.84563342,15,7,2,0,5,0,0,32.71449534,"2"
"21185",16778000,31.01084754,5,1,0,1,0,0,0,21.3331303,"2"
"21187",21868000,8.112310225,3,0,0,0,0,0,0,25.60056396,"2"
"21189",2769000,0,0,0,0,0,0,0,0,2.687968671,"2"
"21191",14839000,0,2,0,0,0,0,0,0,25.52762689,"2"
"21193",598000,0,0,0,0,0,0,0,0,1.04510097,"2"
"21195",185000,0,0,0,0,0,0,0,0,0.218711826,"2"
"21197",2633000,0,0,0,0,0,0,0,0,5.789060021,"2"
"21199",36572000,0,1,1,1,0,0,0,0,39.78269632,"2"
"21201",6676000,0,0,0,0,0,0,0,0,17.17899359,"2"
"21203",10728000,0,0,1,0,0,0,0,0,22.8767638,"2"
"21205",4520000,0,0,0,0,0,0,0,0,8.073307132,"2"
"21207",28686000,20.96493063,4,0,3,0,0,0,0,55.32315373,"2"
"21209",65530000,53.197009,21,1,1,0,0,0,0,43.9671428,"2"
"21211",56575000,15.85152452,9,3,3,5,0,0,0,45.88618525,"2"
"21213",33693000,28.62018817,12,8,0,3,0,0,0,31.50952388,"2"
"21215",19988000,0,2,2,1,0,0,0,0,34.701218,"2"
"21217",24916000,7.087815059,3,0,1,0,0,0,0,46.29803708,"2"
"21219",71601000,45.79684641,29,8,1,7,0,2,0,33.00283176,"2"
"21221",26613000,48.06297674,11,9,4,7,0,0,0,21.50367524,"2"
"21223",10779000,0,1,0,0,0,0,0,0,22.23996751,"2"
"21225",61698000,56.15903271,34,31,4,12,0,0,0,30.30575255,"1"
"21227",65948000,39.46594286,13,4,7,5,1,0,0,62.64578028,"2"
"21229",32883000,16.44922908,6,2,5,1,0,0,0,52.20657555,"2"
"21231",50571000,0,5,4,5,4,5,0,0,28.82204791,"2"
"21233",36523000,42.17342497,15,7,3,0,33,0,0,48.61611872,"1"
"21235",3279000,0,1,0,0,0,0,0,0,8.537096496,"2"
"21237",3915000,0,0,1,0,0,0,0,0,6.285119455,"2"
"21239",116464000,70.52222146,34,4,2,0,0,0,0,47.75574808,"2"
"22001",67669000,34.60668844,28,30,1,0,0,0,0,6.729671342,"1"
"22003",11644000,16.18000687,3,11,1,0,0,0,0,5.980604154,"2"
"22005",15969000,65.89642432,9,8,2,0,0,0,0,13.59997381,"2"
"22007",34928000,63.74255612,24,9,0,0,0,0,0,1.230386672,"2"
"22009",65509000,45.12509731,39,21,2,0,0,0,0,10.62037771,"1"
"22011",12038000,0,2,14,4,2,0,0,0,9.741310176,"2"
"22013",6178000,38.76659113,3,3,0,0,4,0,0,9.772737476,"2"
"22015",9627000,0,0,8,6,0,0,0,0,10.53170078,"2"
"22017",28621000,55.35795395,16,20,4,0,0,0,0,9.936601604,"1"
"22019",21329000,7.745323269,3,37,3,0,0,0,0,14.35729368,"1"
"22021",11666000,38.71935539,6,11,0,0,0,0,0,5.017200049,"2"
"22023",11275000,29.18847007,3,24,9,0,0,0,0,8.689426011,"2"
"22025",44292000,51.43140974,25,24,1,0,0,0,0,4.391420582,"1"
"22027",41940000,79.32761087,26,1,3,1,21,0,0,22.90226527,"1"
"22029",61677000,52.91924056,35,26,0,0,0,0,0,1.705731937,"1"
"22031",19940000,41.68505517,9,11,9,0,0,0,0,16.46573838,"2"
"22033",9505000,0,1,1,5,0,0,0,0,15.76038849,"2"
"22035",64001000,57.36004125,39,26,2,0,0,0,0,3.414383805,"1"
"22037",8004000,0,0,8,4,0,0,0,0,19.97945578,"2"
"22039",45819000,33.8571335,17,19,0,0,0,0,0,10.80783115,"2"
"22041",90772000,43.76680033,28,21,3,0,0,0,0,14.35388923,"1"
"22043",6274000,0,2,4,0,0,0,0,0,4.168460555,"2"
"22045",52490000,65.46389789,35,10,1,0,0,0,0,3.334636712,"1"
"22047",38001000,75.92168627,24,10,5,0,0,0,0,5.848697454,"1"
"22049",30526000,93.7561423,30,0,0,0,16,0,0,24.48796028,"1"
"22051",4258000,0,2,0,0,0,0,0,0,1.778208767,"2"
"22053",52900000,15.55009452,13,33,2,0,0,0,0,12.14922342,"1"
"22055",25296000,55.46331436,13,9,1,0,0,0,0,19.03474398,"2"
"22057",33936000,58.52487034,22,13,8,0,0,0,0,8.075242172,"1"
"22059",1347000,0,0,1,0,0,0,0,0,3.094068158,"2"
"22061",39942000,82.28681588,29,0,1,0,37,0,0,52.94033331,"1"
"22063",11942000,59.38703735,7,2,0,0,0,0,0,8.303682357,"2"
"22065",65338000,48.36083137,32,32,0,0,0,0,0,1.59662463,"1"
"22067",80475000,46.74495185,35,27,5,0,0,0,0,3.882116141,"1"
"22069",54830000,61.69068028,31,19,13,0,9,0,0,15.8216891,"1"
"22071",35000,0,0,0,0,0,0,0,0,0,"2"
"22073",29256000,55.34933005,16,6,1,0,4,0,0,8.644024163,"2"
"22075",5381000,0,1,5,4,0,0,0,0,3.461243705,"2"
"22077",55020000,62.84078517,35,28,4,0,0,0,0,14.92243882,"1"
"22079",58591000,36.90327866,29,14,5,0,0,0,0,7.796751342,"2"
"22081",11076000,36.05092091,6,16,8,0,0,0,0,16.62185916,"2"
"22083",58924000,31.61869527,23,26,6,0,0,0,0,10.87628931,"1"
"22085",57963000,77.39937546,51,1,2,0,24,0,0,31.20023937,"1"
"22087",365000,0,0,0,0,0,0,0,0,0.408079286,"2"
"22089",5233000,77.83298299,3,1,0,0,0,0,0,4.552171344,"2"
"22091",31288000,0,4,2,1,0,0,1,0,16.81145378,"2"
"22093",27058000,84.42604775,23,5,0,0,0,0,0,0.358327091,"2"
"22095",3566000,78.04262479,4,1,0,0,0,0,0,0.582388898,"2"
"22097",66463000,46.65302499,32,22,6,0,0,0,0,14.14801743,"1"
"22099",32179000,58.02542031,17,7,0,0,0,0,0,1.933224764,"2"
"22101",40172000,82.93587573,33,8,0,0,0,0,0,1.466462339,"2"
"22103",13387000,31.57540898,5,2,2,0,0,0,0,4.817343203,"2"
"22105",63385000,23.13323341,19,0,6,0,1,0,0,28.75960645,"2"
"22107",71451000,71.31040853,45,32,0,0,0,0,0,0.526667709,"1"
"22109",15029000,66.37168142,10,6,1,0,0,0,0,1.820879017,"2"
"22111",96446000,84.69817307,92,2,2,0,41,0,0,64.03460951,"3"
"22113",73392000,28.38047744,25,27,4,0,0,0,0,11.26841029,"1"
"22115",10721000,50.41507322,6,0,2,0,2,0,0,5.193193748,"2"
"22117",47640000,31.02644836,12,1,1,0,0,0,0,23.2580877,"2"
"22119",5919000,0,2,0,0,0,2,0,0,8.00673134,"2"
"22121",30391000,81.46161693,6,3,0,0,0,0,0,3.791018245,"2"
"22123",45527000,36.26199837,17,8,1,1,0,0,0,13.51128398,"2"
"22125",3613000,0,2,5,2,0,0,0,0,9.157344569,"2"
"22127",3200000,0,2,0,1,0,0,1,0,2.289739736,"2"
"27001",15714000,25.41046201,6,8,0,0,0,0,0,3.179825873,"2"
"27003",23671000,51.94964302,10,1,0,1,0,0,1,4.336191878,"2"
"27005",105591000,52.43912833,38,35,4,2,0,1,6,12.78286503,"1"
"27007",18738000,19.46312307,5,9,1,0,0,0,0,4.227942561,"2"
"27009",92656000,50.31190641,28,5,3,6,2,0,0,50.69695816,"2"
"27011",57764000,27.43577315,12,10,0,7,0,0,0,16.87748524,"2"
"27013",222159000,54.55237015,85,7,5,80,0,0,0,80.28342521,"1"
"27015",181549000,43.18062892,61,6,10,57,0,0,2,83.13002607,"1"
"27017",8688000,0,1,0,1,0,0,0,0,5.106943433,"2"
"27019",63095000,19.31848799,15,6,1,4,0,0,0,47.71984984,"2"
"27021",20982000,34.97759985,3,7,6,1,0,0,0,6.159075298,"2"
"27023",99992000,42.06236499,49,26,0,10,0,0,1,13.72976222,"1"
"27025",31415000,29.48591437,6,1,0,2,0,0,0,14.99349746,"2"
"27027",139430000,45.32668723,68,62,3,2,0,2,0,8.601610876,"1"
"27029",22384000,36.44567548,7,11,3,0,0,1,0,10.01827733,"2"
"27031",102000,0,0,0,0,0,0,0,0,0.015831438,"2"
"27033",160246000,45.7927187,53,13,15,32,0,0,2,51.38125987,"1"
"27035",14377000,15.74737428,3,1,1,0,0,0,1,6.729418407,"2"
"27037",103587000,46.84178517,44,12,13,12,0,0,1,32.61585042,"1"
"27039",106371000,47.07204031,51,16,6,23,0,0,4,56.43800265,"1"
"27041",60189000,16.96987822,9,4,1,3,0,0,1,22.70743669,"2"
"27043",171886000,33.07541045,62,15,2,58,0,0,0,51.41682623,"1"
"27045",146177000,31.89284224,55,12,5,39,0,0,1,57.59120775,"1"
"27047",161522000,36.60368247,60,8,0,53,0,0,2,51.59870934,"1"
"27049",162493000,29.46280763,49,10,12,25,0,0,2,55.6002138,"1"
"27051",63105000,34.42516441,25,25,0,6,0,0,0,7.076322504,"1"
"27053",43984000,52.42815569,14,1,0,0,0,0,0,6.961261832,"2"
"27055",77110000,20.88185709,20,9,3,7,0,0,1,46.21033433,"2"
"27057",24384000,71.10400262,6,5,1,1,0,0,0,4.460625316,"2"
"27059",25883000,21.55468841,6,7,0,3,0,0,0,10.51621432,"2"
"27061",5173000,0,0,2,0,0,0,0,0,1.559774151,"2"
"27063",148586000,39.31931676,53,9,5,52,0,0,1,52.25958055,"1"
"27065",17403000,0,2,4,2,3,0,0,0,19.70246224,"2"
"27067",225909000,64.48525734,51,21,1,20,0,0,5,51.93048261,"1"
"27069",61189000,25.2643449,22,73,3,1,0,0,0,4.857298718,"1"
"27071",3802000,0,2,2,0,0,0,0,0,0.742713379,"2"
"27073",114343000,28.13639663,19,13,2,14,0,1,1,20.51603234,"2"
"27075",132000,0,0,0,0,0,0,0,0,0.048795845,"2"
"27077",10397000,0,1,25,0,0,0,0,0,1.280975443,"1"
"27079",83266000,31.95782192,25,3,4,22,0,0,4,45.4884984,"1"
"27081",68951000,30.92340938,14,5,5,11,0,0,0,39.64611322,"2"
"27083",145966000,37.36692106,57,16,12,45,0,0,1,62.13877982,"1"
"27085",83326000,17.59714855,14,7,5,2,0,0,0,32.09073814,"2"
"27087",27773000,16.87970331,5,22,2,0,0,0,0,8.737851044,"1"
"27089",101197000,26.681621,37,106,1,0,0,0,0,3.605553572,"1"
"27091",254352000,57.30680317,110,13,6,99,0,0,0,124.7989748,"1"
"27093",140991000,51.12737692,26,14,5,12,0,1,2,45.58932743,"2"
"27095",27798000,8.84236276,3,3,3,0,0,1,0,15.70938763,"2"
"27097",157857000,45.00338914,66,8,3,3,3,4,3,42.08966005,"1"
"27099",162910000,37.70486772,72,23,3,50,0,0,1,52.42264769,"1"
"27101",125707000,27.42090735,41,13,16,28,0,0,0,45.44768827,"1"
"27103",173151000,54.89486056,49,5,1,42,0,2,0,95.54910276,"1"
"27105",158293000,33.74817585,52,12,17,70,0,0,0,77.05656048,"1"
"27107",78108000,21.63670815,21,61,1,1,0,0,0,6.075939082,"1"
"27109",103669000,29.53341886,28,10,3,9,0,0,0,39.45288696,"1"
"27111",210513000,35.80253951,52,32,7,7,0,0,1,25.79614198,"1"
"27113",28737000,11.22246581,5,49,0,0,0,0,0,5.125795554,"1"
"27115",40078000,29.93412845,7,3,2,0,0,1,0,9.605291537,"2"
"27117",117115000,54.06480809,35,8,7,35,0,0,0,82.04253175,"1"
"27119",202672000,41.90564064,108,151,6,3,0,0,0,5.595227564,"1"
"27121",82817000,27.53420192,24,23,2,8,0,0,0,24.19609509,"1"
"27123",6236000,65.39448364,4,0,0,0,0,0,0,0.03038741,"2"
"27125",24106000,9.814983821,3,21,1,0,0,0,0,10.64526104,"1"
"27127",208434000,34.52891563,72,9,11,60,0,0,2,55.38097467,"1"
"27129",299907000,58.91026218,108,37,5,49,0,1,0,52.68632805,"1"
"27131",127235000,51.92596377,36,9,2,28,0,0,2,67.98624824,"1"
"27133",133328000,48.53969159,53,16,12,39,0,0,0,89.21103716,"1"
"27135",62869000,20.20073486,16,78,4,2,0,0,1,6.74345474,"1"
"27137",10902000,0,0,3,0,0,0,0,0,0.803275775,"2"
"27139",46097000,26.62429225,15,4,2,6,0,0,0,33.28322945,"2"
"27141",43558000,60.3425318,27,6,3,4,0,0,0,12.27491889,"2"
"27143",145816000,41.87194821,52,13,3,32,0,2,0,47.61003573,"1"
"27145",300857000,31.02503847,89,8,14,15,4,4,5,71.34342082,"1"
"27147",97874000,36.32425363,33,12,0,19,0,0,5,49.63092436,"2"
"27149",109848000,51.2599228,50,19,10,23,0,1,0,42.18656543,"1"
"27151",123452000,39.01678385,34,25,3,6,0,0,2,20.68641389,"1"
"27153",113910000,37.60512685,25,3,3,4,0,0,2,35.64009827,"2"
"27155",73235000,30.5577934,30,33,1,8,0,0,0,7.270449775,"1"
"27157",94552000,16.78441493,21,2,11,9,0,1,0,54.55173032,"1"
"27159",54465000,61.48168549,11,2,3,0,0,0,0,17.47294778,"2"
"27161",118958000,43.09252005,40,3,4,33,0,0,5,72.04243489,"1"
"27163",56407000,57.46981758,8,3,0,0,0,0,0,7.954028866,"2"
"27165",120229000,46.96371092,53,12,5,36,0,0,2,56.78502579,"1"
"27167",103820000,49.78905798,54,67,0,3,0,0,0,4.034834787,"1"
"27169",122526000,37.44021677,48,4,18,10,0,0,1,59.08518163,"1"
"27171",92886000,30.33718752,30,5,3,4,1,1,0,30.98062692,"2"
"27173",125787000,26.51227869,33,9,6,28,0,0,0,36.76033593,"1"
"28001",6001000,44.72587902,3,7,1,0,0,0,0,5.066714533,"2"
"28003",8266000,0,2,5,1,0,0,0,0,10.64290441,"2"
"28005",34566000,77.79031418,22,5,2,0,14,0,0,22.5624824,"1"
"28007",14645000,55.13827245,8,12,2,0,2,0,0,8.515163326,"2"
"28009",8402000,27.82670793,3,8,0,0,0,0,0,9.909665397,"2"
"28011",161809000,71.11718137,91,72,1,0,0,0,0,1.270734725,"1"
"28013",24887000,38.50604733,10,9,1,1,0,0,0,11.17196928,"2"
"28015",16019000,42.34346713,8,9,1,0,0,0,0,11.27054809,"2"
"28017",30463000,64.7572465,14,9,8,8,0,0,0,25.32456071,"1"
"28019",8636000,74.51366373,5,5,1,5,0,0,0,16.44375274,"2"
"28021",6444000,48.16883923,3,8,4,0,0,0,0,9.436246667,"2"
"28023",5094000,53.35689046,3,1,0,1,4,0,0,5.847850804,"2"
"28025",12429000,17.96604715,3,12,4,0,0,0,0,19.48604058,"2"
"28027",100954000,82.72084316,64,46,0,0,0,0,0,0.579032278,"1"
"28029",51944000,82.57546589,31,4,5,1,10,0,0,20.32646517,"1"
"28031",48641000,68.27367858,31,2,6,0,15,0,0,51.23174397,"1"
"28033",27263000,72.58555551,19,15,3,0,0,0,0,10.72324609,"1"
"28035",15935000,56.89363037,10,3,2,0,1,0,0,15.63582893,"2"
"28037",3686000,0,1,2,0,0,1,0,0,4.377727142,"2"
"28039",9540000,20.96436059,3,0,0,0,0,0,0,8.898621673,"2"
"28041",15589000,59.52274039,11,1,0,0,5,0,0,11.66592789,"2"
"28043",9891000,35.74967142,4,13,3,0,0,0,0,10.69434879,"2"
"28045",2366000,0,0,0,0,0,0,0,0,6.301373413,"2"
"28047",2803000,0,0,0,0,0,0,0,0,3.316355368,"2"
"28049",53569000,80.12469899,10,12,8,0,0,1,0,17.30965819,"1"
"28051",39714000,71.22677142,25,28,2,0,0,0,0,5.971464018,"1"
"28053",128881000,81.97484501,75,31,0,0,0,0,0,0.617292014,"1"
"28055",32684000,78.80308408,25,24,1,0,0,0,0,1.053297844,"1"
"28057",17722000,42.41620585,9,3,0,1,4,0,0,19.41139718,"2"
"28059",5210000,47.50479846,4,0,1,0,0,0,0,4.627026465,"2"
"28061",35835000,71.09808846,33,3,0,0,8,0,0,21.99124163,"1"
"28063",9806000,70.21211503,8,4,0,0,2,0,0,11.87431749,"2"
"28065",17349000,65.62337887,13,0,3,0,7,0,0,31.19238153,"2"
"28067",119204000,66.20834871,79,3,2,0,23,0,0,66.82259675,"1"
"28069",8665000,35.79919215,3,1,2,0,1,0,0,8.141372878,"2"
"28071",6416000,37.95199501,3,4,0,0,0,0,0,6.384136709,"2"
"28073",39152000,83.63557417,26,2,5,0,3,0,0,34.51557946,"2"
"28075",5060000,0,1,2,2,0,0,0,0,6.457347991,"2"
"28077",27771000,78.92045659,18,1,0,0,15,0,0,31.28187432,"1"
"28079",116010000,74.13843634,85,2,1,0,40,0,0,71.409627,"3"
"28081",21426000,35.49892654,5,10,4,0,1,0,0,16.55356782,"2"
"28083",118772000,81.27925774,72,38,1,0,0,0,0,1.399496195,"1"
"28085",35789000,66.39470228,19,2,4,0,11,0,0,33.96689574,"2"
"28087",45330000,0,6,12,7,2,0,0,0,7.867047009,"2"
"28089",24596000,48.33712799,17,14,7,0,0,0,0,11.19821124,"1"
"28091",30524000,60.92582886,18,2,0,0,18,0,0,32.20062169,"1"
"28093",14424000,30.1442041,6,16,5,0,0,0,0,12.2806326,"2"
"28095",17505000,19.1031134,5,11,3,3,0,0,0,11.53661894,"2"
"28097",9660000,23.64389234,3,5,3,2,0,0,0,11.62138369,"2"
"28099",112124000,83.45760051,99,3,0,0,51,0,0,92.67974275,"3"
"28101",99245000,78.79590911,69,2,0,0,23,0,0,70.79247239,"1"
"28103",44574000,47.04760623,18,13,8,9,0,0,0,18.81286667,"1"
"28105",9320000,35.87982833,4,2,4,2,0,0,0,14.99427831,"2"
"28107",33030000,52.1253406,18,24,3,0,0,0,0,11.87370562,"1"
"28109",9397000,0,0,5,6,0,0,0,0,12.95933716,"2"
"28111",11239000,62.46107305,9,0,0,0,2,0,0,8.105480342,"2"
"28113",52518000,77.32586923,21,0,3,0,17,0,0,43.22216167,"1"
"28115",9644000,0,3,3,2,0,1,0,0,11.01596212,"2"
"28117",7918000,0,2,5,0,1,0,0,0,6.268619768,"2"
"28119",46070000,66.25569785,28,23,0,0,0,0,0,0.048132677,"1"
"28121",66203000,73.61448877,46,4,3,0,27,0,0,47.72444969,"1"
"28123",222181000,88.14075011,191,3,2,0,70,0,0,133.5731134,"3"
"28125",61030000,82.51679502,43,32,0,0,0,0,0,-1.0732e-05,"1"
"28127",127050000,89.41833924,117,0,1,2,51,0,0,90.23228875,"3"
"28129",172774000,84.11335039,182,0,0,0,50,0,0,115.535178,"3"
"28131",4468000,0,2,2,1,0,0,0,0,7.571507953,"2"
"28133",166387000,80.49366838,103,59,0,1,0,0,0,0.742846198,"1"
"28135",86607000,73.00102763,42,40,1,0,0,0,0,4.273197113,"1"
"28137",25453000,42.98903862,13,9,13,0,0,0,0,28.97099806,"2"
"28139",9783000,0,1,3,1,0,0,0,0,12.02866061,"2"
"28141",4017000,0,2,0,0,0,1,0,0,5.049396534,"2"
"28143",66361000,88.84284444,42,43,0,0,0,0,0,1.036887181,"1"
"28145",11261000,33.0343664,4,3,0,0,2,0,0,12.98699322,"2"
"28147",60014000,70.63851768,37,3,5,0,26,0,0,65.92614629,"1"
"28149",12638000,50.06330116,6,13,3,0,0,0,0,4.174472255,"2"
"28151",153061000,81.57597298,102,62,1,0,0,0,0,1.107945821,"1"
"28153",79013000,71.08830192,63,0,1,0,41,0,0,48.84441167,"3"
"28155",12475000,50.34869739,6,4,1,2,0,0,0,11.81081594,"2"
"28157",5395000,0,2,14,5,0,0,0,0,8.463425924,"2"
"28159",8545000,29.98244587,3,1,1,1,1,0,0,11.42706127,"2"
"28161",12050000,52.22406639,4,6,0,1,0,0,0,8.439553876,"2"
"28163",76673000,67.8661328,44,40,3,3,0,0,0,6.981827709,"1"
"29001",22095000,0,0,5,1,2,0,0,0,25.39915618,"2"
"29003",41130000,12.01799173,8,8,1,2,0,0,0,25.09606057,"2"
"29005",64972000,16.40706766,17,16,0,0,0,0,0,12.56582968,"2"
"29007",85227000,24.08274373,25,22,12,12,0,0,0,32.3245802,"2"
"29009",153920000,71.37409044,102,8,15,2,79,0,6,99.80720756,"3"
"29011",64904000,40.81874769,24,18,8,12,0,0,2,44.11671034,"2"
"29013",66069000,30.65582951,15,24,19,6,0,0,0,37.88588687,"2"
"29015",30832000,31.5451479,9,9,4,2,4,0,4,26.83533542,"2"
"29017",18945000,17.77249934,4,5,3,2,1,0,0,22.6797985,"2"
"29019",41533000,34.51231551,11,5,6,6,0,0,0,24.07952392,"2"
"29021",33883000,11.4688782,4,3,1,1,0,0,0,19.64126945,"2"
"29023",64451000,31.11821384,22,16,2,0,0,0,0,6.830837507,"2"
"29025",25784000,22.8513807,5,10,1,4,0,0,0,30.17537137,"2"
"29027",55722000,39.04023545,16,15,8,12,0,0,0,36.13723287,"2"
"29029",16054000,37.1309331,6,7,8,3,0,0,2,18.69130402,"2"
"29031",47479000,21.87072179,10,8,4,2,0,0,0,35.71776919,"2"
"29033",60953000,20.5240103,19,27,4,6,0,0,0,24.5554616,"1"
"29035",3198000,0,0,4,2,3,0,0,0,9.21541762,"2"
"29037",56499000,43.9689198,18,14,1,8,0,0,0,35.92515927,"2"
"29039",21188000,30.58334907,8,3,3,7,0,0,0,47.11901123,"2"
"29041",85939000,35.79166618,17,21,5,9,0,0,0,28.85199647,"1"
"29043",26339000,22.49136262,6,9,9,0,0,0,2,41.62574347,"2"
"29045",36767000,17.24100416,9,13,0,3,0,0,0,18.58411541,"2"
"29047",27198000,40.07647621,9,6,6,1,0,0,0,27.09205655,"2"
"29049",34995000,28.37262466,13,13,7,3,0,0,0,38.71203849,"2"
"29051",26799000,37.63946416,7,3,1,7,0,0,3,52.62139429,"2"
"29053",52968000,29.05905452,20,13,7,9,1,0,1,44.3717177,"2"
"29055",9129000,0,0,5,1,0,0,0,0,15.58945592,"2"
"29057",31052000,28.34600026,9,9,13,2,0,0,4,54.50159411,"2"
"29059",28620000,9.28721174,4,2,6,0,0,0,9,42.90564445,"3"
"29061",58071000,45.32382773,10,16,4,4,0,0,0,18.17623267,"1"
"29063",29376000,12.20383987,5,7,8,1,0,0,0,37.08523142,"2"
"29065",10205000,0,0,8,3,0,0,0,0,17.57868042,"2"
"29067",29650000,14.64080944,4,8,6,0,0,0,0,26.93594244,"2"
"29069",112223000,51.06885398,66,36,0,0,0,0,0,1.695968944,"1"
"29071",47543000,38.07500578,12,5,5,14,0,0,0,31.09378988,"2"
"29073",15137000,0,2,4,3,5,0,0,0,32.04521844,"2"
"29075",54022000,49.23364555,7,16,6,5,0,0,0,47.73800383,"2"
"29077",34218000,7.826290257,4,3,8,1,0,0,0,44.80078865,"2"
"29079",29679000,19.29310287,7,12,3,0,0,0,0,18.41405803,"2"
"29081",43603000,30.81898035,12,29,11,8,0,1,0,33.85495103,"2"
"29083",42592000,28.03343351,11,20,10,5,0,0,0,44.90990511,"2"
"29085",14729000,30.27360989,4,4,2,0,0,0,0,31.89908957,"2"
"29087",56337000,24.03748868,14,13,1,2,0,0,0,13.35008339,"2"
"29089",32234000,17.86312589,7,13,5,3,0,0,0,28.24018292,"2"
"29091",51305000,35.64564857,10,16,17,2,0,0,2,43.15294805,"2"
"29093",6473000,0,2,0,1,0,0,0,0,7.643489136,"2"
"29095",28729000,34.58526228,10,9,2,0,0,0,0,10.12029024,"2"
"29097",77256000,61.36999068,32,7,5,5,1,0,17,46.53705883,"3"
"29099",9310000,0,2,4,1,0,0,0,0,8.633409033,"2"
"29101",54639000,30.58621131,12,13,7,1,0,1,0,39.00877236,"2"
"29103",36994000,20.2816673,6,14,3,4,0,0,0,21.78551187,"2"
"29105",32332000,8.208585921,4,7,3,1,0,0,0,33.68523782,"2"
"29107",109636000,39.9339633,28,15,7,19,0,0,0,45.95760592,"1"
"29109",122023000,60.72543701,37,12,22,0,14,0,6,78.79484272,"1"
"29111",41269000,25.12055053,13,20,9,5,0,0,0,27.65322282,"2"
"29113",53571000,34.02960557,15,11,2,8,0,1,0,24.41670617,"2"
"29115",48733000,29.25533006,9,15,11,7,0,0,0,39.11635542,"2"
"29117",38006000,25.61174551,13,25,6,1,0,0,0,19.71690764,"1"
"29119",155976000,79.06280453,49,4,9,2,20,0,9,89.64435983,"1"
"29121",35773000,10.89648618,4,19,2,1,0,0,0,26.52995104,"1"
"29123",6722000,0,2,5,2,2,0,0,0,17.69085945,"2"
"29125",19203000,19.8927251,5,1,2,7,0,0,0,42.51108175,"2"
"29127",41460000,21.69561023,11,10,3,10,0,0,0,37.824907,"2"
"29129",123076000,0,4,9,3,1,0,0,0,23.18973712,"2"
"29131",76553000,66.14110486,55,2,5,31,0,0,42,76.19516388,"3"
"29133",83245000,53.07946423,48,35,1,0,0,0,0,2.08452677,"1"
"29135",53704000,52.54915835,30,2,11,4,5,0,18,76.63352444,"3"
"29137",56202000,31.33162521,21,20,10,22,0,0,0,36.27183015,"2"
"29139",37201000,12.76578587,7,10,1,7,0,0,0,23.98263172,"2"
"29141",91579000,69.74743118,57,7,6,12,7,0,44,57.32115231,"3"
"29143",112887000,50.1767254,75,51,0,0,0,0,0,0.65759902,"1"
"29145",124611000,70.75218079,62,3,8,0,30,1,17,81.45591881,"3"
"29147",84975000,14.53133274,17,24,4,15,0,0,0,38.92683556,"1"
"29149",20891000,22.02862477,5,8,13,4,0,0,0,28.13642713,"2"
"29151",51021000,35.43050901,24,8,7,24,0,0,23,67.96477679,"3"
"29153",21508000,0,2,13,9,1,0,0,1,30.31452003,"2"
"29155",88056000,50.95507404,52,42,0,0,0,0,0,0.396121831,"1"
"29157",32203000,18.03248145,8,7,2,3,0,0,0,35.62611263,"2"
"29159",105403000,54.44911435,43,16,8,17,20,0,4,65.38203743,"1"
"29161",9423000,0,0,9,2,0,0,0,0,17.96062327,"2"
"29163",55942000,24.07672232,15,14,4,9,0,0,0,32.97980868,"2"
"29165",37383000,19.30289169,10,12,0,2,0,0,0,18.58882794,"2"
"29167",49442000,17.84110675,11,12,16,1,0,0,15,66.5517628,"3"
"29169",12286000,0,2,5,4,2,0,0,0,19.79247734,"2"
"29171",27183000,21.35893757,6,13,14,0,0,0,0,30.98250141,"2"
"29173",39514000,32.03674647,12,13,2,6,0,0,0,24.29177091,"2"
"29175",27464000,27.80731139,6,9,7,3,0,0,0,30.56064128,"2"
"29177",40772000,26.5157461,10,15,2,2,2,0,0,28.88452423,"2"
"29179",3271000,0,0,5,1,0,0,0,0,5.883089103,"2"
"29181",11387000,0,1,6,2,1,0,0,0,11.91831188,"2"
"29183",44798000,30.15089959,17,7,1,5,0,0,0,11.89411042,"2"
"29185",24750000,13.33333333,3,8,6,0,0,0,0,31.65606697,"2"
"29186",18235000,16.05154922,4,6,2,3,0,0,0,26.60345203,"2"
"29187",13625000,45.28440367,4,1,3,0,0,0,0,19.70340231,"2"
"29189",22328000,49.89251164,10,0,0,0,0,0,0,0.970148983,"2"
"29195",105420000,35.68962246,38,34,6,17,0,0,0,39.32960301,"1"
"29197",14427000,0,1,4,1,1,0,0,0,30.01712476,"2"
"29199",34747000,17.98140847,10,12,0,3,0,0,0,16.98802442,"2"
"29201",78754000,51.92244203,36,19,1,1,11,0,0,18.18485563,"1"
"29203",5770000,0,0,4,2,0,0,0,0,8.026603487,"2"
"29205",60203000,33.11628989,21,15,8,23,0,0,0,44.28312035,"2"
"29207",159187000,56.26401653,66,41,3,3,15,0,0,18.90240518,"1"
"29209",16057000,18.20389861,4,2,2,0,0,0,0,24.87742566,"2"
"29211",185708000,0,7,15,8,1,0,0,0,35.32284657,"2"
"29213",10182000,0,2,12,5,0,0,0,0,14.46949257,"2"
"29215",37311000,0,2,12,16,0,0,0,0,29.98832978,"2"
"29217",88304000,57.17634535,19,21,5,15,0,0,1,66.28777892,"1"
"29219",23099000,17.29945019,4,1,0,7,0,0,0,22.12055417,"2"
"29221",24907000,77.85763039,4,5,1,1,0,0,0,11.45203672,"2"
"29223",4418000,0,0,4,1,0,0,0,0,7.733921386,"2"
"29225",47341000,18.70471684,7,5,5,0,0,1,2,53.84084912,"2"
"29227",13038000,0,1,9,3,1,0,0,0,35.0607294,"2"
"29229",42548000,0,2,2,5,1,0,0,0,43.42929384,"2"
"39001",26673000,0,0,1,0,2,0,0,0,18.98552204,"2"
"39003",59331000,13.46682173,11,2,1,8,0,0,0,12.90630059,"2"
"39005",49014000,21.90598604,16,1,6,3,0,0,0,31.45846264,"2"
"39007",34906000,24.3883573,9,2,4,0,0,0,0,12.62011823,"2"
"39009",6451000,0,0,1,0,0,0,0,0,7.813008831,"2"
"39011",85267000,22.63712808,21,3,0,15,0,1,1,33.46401091,"1"
"39013",12438000,0,1,6,5,0,0,0,0,17.9853035,"2"
"39015",37746000,8.641975309,6,3,1,0,0,0,0,15.18798624,"2"
"39017",36180000,17.96849088,7,4,2,3,0,0,0,20.22074527,"2"
"39019",21396000,25.47672462,4,4,1,0,0,0,0,17.8676735,"2"
"39021",72789000,32.72197722,25,10,3,4,0,0,0,21.37271745,"2"
"39023",74169000,54.16818347,31,10,1,4,0,0,0,18.73612076,"1"
"39025",16608000,0,2,3,0,0,0,0,0,5.575267854,"2"
"39027",66679000,23.6551238,20,7,0,10,0,0,0,15.41818812,"2"
"39029",47614000,18.47775864,9,3,1,3,0,0,0,21.16689935,"2"
"39031",37715000,25.21543153,9,2,1,5,0,0,0,25.68284516,"2"
"39033",75430000,35.19289407,27,10,0,10,0,0,0,24.15440029,"2"
"39035",18321000,74.2917963,12,0,0,0,0,0,0,0.193426244,"2"
"39037",247998000,55.6810942,80,3,7,39,0,13,27,58.30057326,"3"
"39039",45791000,14.53123976,5,3,1,1,0,0,0,13.78081235,"2"
"39041",55355000,48.03721434,24,12,0,3,0,0,0,12.88346533,"2"
"39043",35204000,36.15782297,13,4,0,1,0,0,0,7.375119076,"2"
"39045",50813000,24.59409994,17,9,1,3,0,0,0,17.97661538,"2"
"39047",73139000,35.62941796,34,18,0,10,0,0,0,13.87577204,"1"
"39049",41651000,52.98792346,11,3,1,1,0,0,0,3.098774824,"2"
"39051",88832000,32.7742255,32,6,5,22,0,0,0,43.28774053,"1"
"39053",15389000,0,2,1,4,0,0,0,0,18.48495706,"2"
"39055",19692000,0,2,0,0,0,0,0,0,8.100281706,"2"
"39057",59663000,37.96490287,25,10,0,4,0,0,0,14.76247189,"2"
"39059",10930000,0,1,1,0,1,0,0,0,18.03607868,"2"
"39061",17522000,41.50211163,9,0,0,0,0,0,0,2.272279483,"2"
"39063",82475000,18.61897545,21,7,0,10,0,0,0,11.77572926,"2"
"39065",114674000,57.54661039,27,9,3,13,0,1,0,24.14370615,"2"
"39067",10548000,0,2,4,5,0,0,0,0,16.02685075,"2"
"39069",76448000,19.84224571,20,8,1,3,0,0,0,9.140349854,"2"
"39071",45735000,18.70558653,9,5,1,1,0,0,0,17.49765817,"2"
"39073",3600000,0,0,0,0,0,0,0,0,4.045097871,"2"
"39075",93933000,17.99261176,22,2,5,6,0,0,0,83.08256908,"2"
"39077",78077000,43.92971041,22,19,1,6,0,0,0,11.26652916,"1"
"39079",17786000,0,2,0,0,0,0,0,0,11.62691664,"2"
"39081",6776000,0,1,0,0,0,0,0,0,11.01578823,"2"
"39083",62461000,29.12217224,12,3,2,4,0,0,0,20.1290325,"2"
"39085",73658000,88.95164137,23,0,0,0,0,0,0,1.480698067,"2"
"39087",4293000,0,0,0,0,0,0,0,0,6.892970503,"2"
"39089",128905000,71.2625577,22,11,3,4,0,1,0,18.15331353,"2"
"39091",89616000,56.07034458,23,14,3,6,0,0,0,18.49643652,"1"
"39093",83793000,64.653372,26,9,2,2,0,0,0,12.25261392,"1"
"39095",61779000,60.50761586,22,3,1,4,0,0,0,7.430307472,"2"
"39097",81629000,32.73713999,32,21,4,2,0,0,0,15.5761693,"1"
"39099",32638000,38.06299406,8,3,3,1,0,0,0,12.07626273,"2"
"39101",65448000,46.07474636,34,20,2,9,0,0,0,14.27260155,"1"
"39103",34887000,34.74073437,11,3,1,0,0,0,0,12.95440982,"2"
"39105",14287000,36.98467138,5,0,0,0,0,0,0,10.3873627,"2"
"39107",288508000,64.12023237,144,5,6,58,1,29,65,104.4768808,"3"
"39109",65692000,22.42738842,20,4,2,6,0,0,0,16.83272974,"2"
"39111",7599000,0,0,2,1,0,0,0,0,14.1421248,"2"
"39113",36296000,30.24575711,10,3,0,2,0,0,0,8.984301454,"2"
"39115",8745000,0,2,2,3,1,0,0,0,15.67429617,"2"
"39117",42782000,32.4786125,14,8,2,4,0,0,0,20.44078243,"2"
"39119",26134000,19.09007423,6,1,1,4,0,0,0,18.43620695,"2"
"39121",4108000,0,0,2,1,0,0,0,0,14.44329276,"2"
"39123",28813000,22.12542949,7,3,0,1,0,0,0,3.634115156,"2"
"39125",55833000,25.16970251,14,8,0,2,0,0,0,1.48826413,"2"
"39127",15112000,14.7432504,3,4,0,0,0,0,0,11.85207056,"2"
"39129",81435000,44.21808805,43,27,2,8,0,0,0,19.06754531,"1"
"39131",7756000,0,1,1,0,0,0,0,0,8.226398966,"2"
"39133",23760000,22.20117845,6,3,2,0,0,0,0,8.079516805,"2"
"39135",68710000,22.08703246,16,4,1,19,0,0,0,35.05786727,"1"
"39137",104729000,23.65056479,24,1,0,17,0,0,0,26.6309338,"1"
"39139",48581000,16.56614726,12,6,2,1,0,0,0,17.85133125,"2"
"39141",47344000,29.79258195,15,16,3,1,0,0,0,12.15851826,"2"
"39143",66424000,24.63266289,20,5,0,4,0,0,0,10.23910463,"2"
"39145",14549000,0,2,2,0,0,0,1,0,7.738427541,"2"
"39147",83753000,19.61123781,15,9,0,11,0,0,0,17.06273483,"2"
"39149",70731000,13.5301353,14,2,2,10,0,1,0,37.8825001,"1"
"39151",73231000,48.22684382,22,2,6,2,6,0,0,32.89765568,"2"
"39153",10380000,0,3,0,0,0,0,0,0,1.568172783,"2"
"39155",26769000,17.85647577,6,3,0,0,0,0,0,9.552312957,"2"
"39157",57045000,38.52923131,17,0,8,2,0,0,0,28.61418551,"2"
"39159",69980000,34.94855673,17,9,3,11,0,1,0,25.21523221,"2"
"39161",73869000,21.94831391,20,8,0,5,0,1,0,3.956870755,"2"
"39163",1829000,0,0,1,1,0,0,0,0,3.843199704,"2"
"39165",34132000,36.68405016,14,7,0,1,0,0,0,9.080556425,"2"
"39167",21179000,20.12370745,6,1,3,1,0,0,0,16.03193946,"2"
"39169",161044000,37.31278408,57,1,27,10,0,0,0,78.54607907,"1"
"39171",51888000,25.63405797,13,6,6,7,0,0,0,18.15605147,"2"
"39173",98017000,21.91558607,26,12,0,2,0,1,0,5.191913454,"2"
"39175",63614000,27.66372182,17,10,0,7,0,1,0,19.60024676,"2"
"47001",6168000,0,1,0,0,2,0,0,0,12.53579964,"2"
"47003",75694000,44.91241049,40,2,6,1,11,0,0,85.32790797,"1"
"47005",4729000,0,0,1,1,0,0,0,0,11.28856871,"2"
"47007",41410000,0,3,4,2,0,0,0,0,27.61928475,"2"
"47009",19152000,34.31495405,5,1,3,0,0,0,0,23.35578205,"2"
"47011",60740000,60.2354297,38,1,5,0,14,0,0,77.58631052,"1"
"47013",3019000,0,0,0,0,0,0,0,0,8.98140872,"2"
"47015",12766000,0,1,1,1,2,0,0,0,38.03047891,"2"
"47017",22623000,42.02802458,12,11,0,2,0,0,0,12.53238401,"2"
"47019",7735000,0,1,0,2,0,0,0,0,12.77990172,"2"
"47021",9108000,0,0,0,0,0,0,0,0,15.90910873,"2"
"47023",6051000,0,2,1,2,0,0,0,0,13.10675541,"2"
"47025",20377000,17.15169063,5,2,2,1,0,0,0,31.41448687,"2"
"47027",6266000,0,0,1,0,0,8,0,0,40.33401239,"2"
"47029",14546000,28.7226729,4,0,1,0,0,0,0,17.78870165,"2"
"47031",31936000,23.60971944,10,2,2,1,0,0,0,37.25703831,"2"
"47033",50795000,55.77714342,31,18,1,0,0,0,0,9.009571297,"1"
"47035",37617000,70.41763033,8,1,3,4,0,0,0,15.22373253,"2"
"47037",11136000,0,2,0,1,0,0,0,0,7.636284168,"2"
"47039",4570000,0,0,1,1,0,0,0,0,16.94274012,"2"
"47041",26340000,57.14123007,4,1,1,1,0,0,0,30.6726648,"2"
"47043",12747000,0,0,1,0,0,0,0,0,23.63487684,"2"
"47045",56794000,45.53826108,31,28,1,0,0,0,0,10.41498049,"1"
"47047",52916000,59.46405624,34,27,5,8,0,0,0,17.22133243,"1"
"47049",25128000,35.68529131,10,0,0,0,6,0,0,30.88937243,"2"
"47051",67144000,40.44441797,19,2,3,6,3,0,0,45.41044485,"2"
"47053",70421000,42.91191548,35,27,5,3,0,0,0,17.40038402,"1"
"47055",30969000,31.73173173,7,7,8,3,0,0,0,44.00694144,"2"
"47057",16715000,22.94346395,3,0,1,0,0,0,0,35.40866367,"2"
"47059",51879000,15.45904894,9,0,1,0,5,0,0,58.57028021,"2"
"47061",34621000,35.41492158,16,0,1,1,2,0,0,37.36335311,"2"
"47063",14808000,36.1358725,4,0,0,0,3,0,0,58.92387234,"2"
"47065",8932000,0,2,1,2,0,0,0,0,11.4041954,"2"
"47067",7752000,0,1,0,1,1,0,0,0,23.46687248,"2"
"47069",19003000,37.82034416,8,10,2,2,0,0,0,10.18635799,"2"
"47071",10187000,0,1,2,1,0,0,0,0,8.226249492,"2"
"47073",16333000,0,0,0,1,0,2,0,0,32.00246143,"2"
"47075",68068000,63.68925192,40,27,0,0,0,0,0,4.834492033,"1"
"47077",19001000,18.9305826,3,1,7,3,0,0,0,24.95869052,"2"
"47079",38901000,33.1096887,9,6,1,5,0,0,0,24.87413309,"2"
"47081",8962000,0,1,1,5,1,0,0,0,16.78536346,"2"
"47083",4304000,0,0,0,2,0,0,0,0,22.75028662,"2"
"47085",8901000,0,0,5,3,0,0,0,0,15.44595258,"2"
"47087",5277000,0,0,0,0,0,0,0,0,16.22871458,"2"
"47089",20341000,34.68364387,8,1,3,0,4,0,0,64.2330041,"2"
"47091",7880000,0,0,1,1,0,0,0,0,14.6350816,"2"
"47093",16192000,35.23962451,5,1,2,0,0,0,0,19.87476477,"2"
"47095",23628000,65.59590317,17,17,0,0,0,0,0,1.422977855,"2"
"47097",48756000,51.53211912,30,21,1,1,0,0,0,8.281113916,"1"
"47099",27905000,22.18240459,7,2,2,1,0,0,0,37.80035785,"2"
"47101",2825000,0,1,1,1,2,0,0,0,9.234635519,"2"
"47103",50460000,39.56202933,20,8,5,1,0,0,0,47.69354444,"2"
"47105",45335000,0,5,1,6,0,0,0,0,49.81928857,"2"
"47107",36458000,34.59048768,14,0,6,0,4,0,0,47.40900738,"2"
"47109",11704000,0,1,2,0,3,0,0,0,9.446258894,"2"
"47111",20246000,0,1,1,1,0,1,0,0,36.19590147,"2"
"47113",30083000,49.7224346,15,11,3,2,0,0,0,11.82068664,"2"
"47115",11206000,52.53435659,8,3,1,0,3,0,0,15.04212965,"2"
"47117",21961000,19.36614908,6,3,3,1,0,0,0,44.23504933,"2"
"47119",27964000,19.24617365,7,5,8,0,0,0,0,38.24595981,"2"
"47121",4879000,0,0,0,1,0,0,0,0,25.77954372,"2"
"47123",19181000,26.60966582,6,0,7,0,0,0,0,20.64633874,"2"
"47125",31251000,15.61230041,7,2,2,0,0,0,0,23.15146809,"2"
"47127",9873000,37.7190317,5,0,2,0,1,0,0,59.1840393,"2"
"47129",5715000,0,0,0,0,0,3,0,0,10.84510627,"2"
"47131",65578000,48.1441947,35,23,3,4,7,0,0,20.69121589,"1"
"47133",12049000,0,2,0,3,0,1,0,0,27.73086257,"2"
"47135",4035000,0,1,1,0,0,0,0,0,6.610737663,"2"
"47137",4678000,0,0,0,0,0,2,0,0,33.65091754,"2"
"47139",23123000,49.95026597,14,0,1,0,3,0,0,15.67419593,"2"
"47141",12461000,0,1,0,1,0,0,0,0,25.05688954,"2"
"47143",7948000,0,0,0,1,0,0,0,0,16.70523498,"2"
"47145",6901000,0,1,0,0,0,0,0,0,14.96491354,"2"
"47147",72426000,37.02261619,25,11,8,2,0,0,0,39.66214213,"2"
"47149",21214000,0,1,1,3,0,0,0,0,27.69928937,"2"
"47151",5105000,0,2,0,0,0,1,0,0,6.41550946,"2"
"47153",5272000,0,2,0,1,0,0,0,0,12.55871166,"2"
"47155",9709000,31.10516016,4,0,1,0,0,0,0,14.80596202,"2"
"47157",29891000,53.06279482,15,11,0,0,0,0,0,4.55024818,"2"
"47159",12952000,0,0,0,0,0,0,0,0,38.17664704,"2"
"47161",5483000,0,0,0,0,0,0,0,0,8.190221898,"2"
"47163",18940000,20.50158395,4,0,5,0,0,0,0,30.03013388,"2"
"47165",35189000,20.38989457,4,2,6,1,0,0,0,33.70816566,"2"
"47167",39870000,49.55354903,24,20,0,0,0,0,0,9.786350657,"1"
"47169",6823000,0,0,0,0,0,0,0,0,35.5984751,"2"
"47171",1126000,0,0,0,0,0,0,0,0,3.797158822,"2"
"47173",3962000,0,0,0,1,0,0,0,0,19.15146728,"2"
"47175",2943000,0,0,0,0,0,0,0,0,10.35346369,"2"
"47177",84296000,53.1626649,35,1,2,0,0,0,0,37.63863206,"2"
"47179",45493000,39.56652672,10,0,7,0,1,0,0,64.90975812,"2"
"47181",9067000,0,1,2,0,1,0,0,0,13.74815323,"2"
"47183",56457000,35.57929043,21,15,0,16,5,0,0,23.98806529,"2"
"47185",16888000,18.23188063,5,2,5,0,0,0,0,45.21494414,"2"
"47187",28844000,21.45680211,5,4,7,1,0,0,0,31.82794012,"2"
"47189",17925000,0,1,1,1,0,0,0,0,37.14077824,"2"
"55001",61033000,73.46353612,21,9,1,0,0,0,0,5.668744279,"1"
"55003",5261000,0,2,0,0,0,0,0,0,2.368799196,"2"
"55005",170632000,46.87280229,26,5,1,1,0,0,14,40.09850326,"3"
"55007",10390000,0,1,1,0,0,0,0,0,3.062796321,"2"
"55009",132785000,38.52543585,45,6,36,0,0,0,0,69.64716017,"1"
"55011",101832000,35.52419672,35,4,11,2,12,0,4,50.4262312,"1"
"55013",16012000,18.64851361,4,1,1,0,0,0,0,5.609536869,"2"
"55015",77855000,25.42290155,25,3,9,0,0,0,0,62.47865123,"2"
"55017",123396000,15.35625142,14,5,4,0,0,0,2,34.11252921,"2"
"55019",168747000,15.92917207,29,5,15,1,0,0,0,41.80713067,"1"
"55021",110680000,18.91488977,28,9,8,17,0,0,0,37.40817755,"2"
"55023",41015000,0,2,3,1,0,0,0,0,30.97446148,"2"
"55025",295685000,42.19050679,82,17,24,13,0,0,0,45.88355244,"1"
"55027",197819000,27.04543042,55,7,16,15,0,0,0,58.69119245,"1"
"55029",40458000,20.33466805,7,1,2,0,0,0,0,19.52061032,"2"
"55031",6129000,0,1,4,1,0,0,0,0,2.257680606,"2"
"55033",117939000,30.06384656,24,10,7,5,0,0,1,34.03797005,"2"
"55035",62981000,27.50988393,15,2,6,0,1,0,1,24.84116317,"2"
"55037",1832000,0,0,0,0,0,0,0,0,1.618533038,"2"
"55039",155689000,21.08626814,42,7,17,3,0,0,0,51.51722296,"1"
"55041",3801000,0,1,0,3,0,0,0,0,1.964067538,"2"
"55043",205099000,12.5295589,35,7,12,25,0,0,0,71.08504344,"1"
"55045",127119000,12.64012461,17,2,6,5,0,0,0,67.97220217,"2"
"55047",46106000,15.31904741,10,4,0,1,0,0,0,30.08895063,"2"
"55049",110535000,24.67091871,27,8,11,5,0,0,0,50.34792452,"2"
"55051",1026000,0,0,0,0,0,0,0,0,0.297988861,"2"
"55053",83466000,47.88656459,32,14,4,3,1,0,0,14.99435006,"1"
"55055",134292000,49.78032943,37,7,9,2,0,3,0,31.67147681,"1"
"55057",55097000,45.17668839,18,8,3,0,0,0,0,12.94262083,"2"
"55059",35055000,29.62202254,13,4,2,0,0,0,0,17.33269913,"2"
"55061",83353000,26.52813936,20,2,8,2,0,0,0,60.09913653,"2"
"55063",47737000,11.64296039,6,1,3,6,0,0,0,38.56395804,"2"
"55065",136209000,20.01629848,30,11,14,15,0,0,0,67.41720907,"1"
"55067",51813000,51.97344296,23,4,3,0,0,0,0,7.356273893,"2"
"55069",22208000,27.5306196,9,0,0,0,0,0,0,6.497288389,"2"
"55071",141254000,35.28749628,53,4,25,0,0,0,0,61.87354169,"1"
"55073",225325000,20.68345723,51,5,17,0,0,0,0,35.93282162,"1"
"55075",41104000,31.83388478,11,1,9,0,0,0,0,8.041651019,"2"
"55077",33529000,32.50917117,10,2,1,2,0,0,0,15.16765457,"2"
"55078",19000,0,0,0,0,0,0,0,0,0,"2"
"55079",8516000,0,0,0,0,0,0,0,0,0.184210921,"2"
"55081",109391000,27.73811374,27,9,6,0,0,0,0,32.28250195,"2"
"55083",69732000,19.95640452,17,1,11,2,0,0,0,21.74666233,"2"
"55085",15473000,64.19569573,9,3,0,0,0,0,0,0.419334383,"2"
"55087",149700000,29.22044088,45,3,17,3,0,0,0,54.77206203,"1"
"55089",33064000,22.16307767,9,0,4,0,0,0,0,30.94267637,"2"
"55091",29577000,9.142238902,3,0,2,0,0,0,0,39.50446715,"2"
"55093",77780000,11.23810748,10,5,5,1,0,0,0,39.54031508,"2"
"55095",70546000,12.62438692,10,0,4,0,0,0,3,22.70070532,"2"
"55097",118629000,56.21812542,40,12,3,2,0,0,0,20.76065965,"1"
"55099",16101000,20.22234644,3,2,1,0,0,0,0,4.160041557,"2"
"55101",82174000,65.35887264,28,13,2,1,0,0,0,15.8454742,"1"
"55103",64099000,17.56501661,11,5,3,4,0,0,0,34.75145001,"2"
"55105",133438000,36.3322292,49,28,11,8,0,0,0,30.02736282,"1"
"55107",33257000,15.85831554,5,2,5,0,0,0,1,13.64080199,"2"
"55109",96151000,24.93681813,22,8,5,2,0,0,2,35.7104378,"2"
"55111",123667000,26.05788125,33,5,13,18,0,1,0,52.85805876,"1"
"55113",11645000,18.53155861,4,1,1,0,0,0,0,2.561033609,"2"
"55115",130226000,28.23399321,20,0,10,0,0,0,0,38.67151082,"2"
"55117",94672000,25.36969748,26,3,16,0,0,0,0,44.53994462,"2"
"55119",65976000,13.0062447,9,1,3,0,0,0,0,20.08911467,"2"
"55121",124507000,43.27467532,56,4,10,2,15,0,1,52.92490366,"1"
"55123",94481000,10.82439856,11,3,4,0,0,0,0,40.93134623,"2"
"55125",6579000,76.04499164,5,0,0,0,0,0,0,0.056530064,"2"
"55127",95425000,38.52659156,37,9,7,11,0,1,0,28.0187803,"2"
"55129",17017000,30.11694188,7,3,1,0,0,0,2,6.341125021,"2"
"55131",65629000,24.79544104,19,2,5,0,0,0,0,32.88993381,"2"
"55133",44852000,40.26799251,18,4,2,0,0,0,0,9.338430492,"2"
"55135",90586000,21.72631532,21,6,3,1,0,0,0,30.82384084,"2"
"55137",78298000,61.23400342,34,8,0,1,0,0,0,10.92268671,"1"
"55139",62915000,15.52411984,12,2,3,0,0,0,0,30.97823068,"2"
"55141",97680000,37.22051597,32,5,1,1,0,0,0,24.91252814,"2"
